Plot Title: HOBO_1899,,,,,,,
#,"Date Time, GMT-06:00","Temp, Â°C (LGR S/N: 10341899, SEN S/N: 10341899)",Coupler Attached (LGR S/N: 10341899),Coupler Detached (LGR S/N: 10341899),Host Connected (LGR S/N: 10341899),Stopped (LGR S/N: 10341899),End Of File (LGR S/N: 10341899)
1,02/10/24 03:00:00 PM,6.573,,,,,
2,02/10/24 04:00:00 PM,6.471,,,,,
3,02/10/24 05:00:00 PM,1.548,,,,,
4,02/10/24 06:00:00 PM,-1.799,,,,,
5,02/10/24 07:00:00 PM,-2.145,,,,,
6,02/10/24 08:00:00 PM,-2.261,,,,,
7,02/10/24 09:00:00 PM,-3.792,,,,,
8,02/10/24 10:00:00 PM,-4.031,,,,,
9,02/10/24 11:00:00 PM,-4.880,,,,,
10,02/11/24 12:00:00 AM,-5.620,,,,,
11,02/11/24 01:00:00 AM,-6.246,,,,,
12,02/11/24 02:00:00 AM,-7.010,,,,,
13,02/11/24 03:00:00 AM,-7.787,,,,,
14,02/11/24 04:00:00 AM,-9.117,,,,,
15,02/11/24 05:00:00 AM,-9.937,,,,,
16,02/11/24 06:00:00 AM,-9.799,,,,,
17,02/11/24 07:00:00 AM,-10.075,,,,,
18,02/11/24 08:00:00 AM,-10.353,,,,,
19,02/11/24 09:00:00 AM,-8.713,,,,,
20,02/11/24 10:00:00 AM,-4.393,,,,,
21,02/11/24 11:00:00 AM,-1.684,,,,,
22,02/11/24 12:00:00 PM,-0.213,,,,,
23,02/11/24 01:00:00 PM,5.655,,,,,
24,02/11/24 02:00:00 PM,2.624,,,,,
25,02/11/24 03:00:00 PM,9.472,,,,,
26,02/11/24 04:00:00 PM,8.779,,,,,
27,02/11/24 05:00:00 PM,1.656,,,,,
28,02/11/24 06:00:00 PM,-1.684,,,,,
29,02/11/24 07:00:00 PM,-4.031,,,,,
30,02/11/24 08:00:00 PM,-5.372,,,,,
31,02/11/24 09:00:00 PM,-5.620,,,,,
32,02/11/24 10:00:00 PM,-5.995,,,,,
33,02/11/24 11:00:00 PM,-6.373,,,,,
34,02/12/24 12:00:00 AM,-6.499,,,,,
35,02/12/24 01:00:00 AM,-6.882,,,,,
36,02/12/24 02:00:00 AM,-7.138,,,,,
37,02/12/24 03:00:00 AM,-7.010,,,,,
38,02/12/24 04:00:00 AM,-7.267,,,,,
39,02/12/24 05:00:00 AM,-5.745,,,,,
40,02/12/24 06:00:00 AM,-5.870,,,,,
41,02/12/24 07:00:00 AM,-8.713,,,,,
42,02/12/24 08:00:00 AM,-8.982,,,,,
43,02/12/24 09:00:00 AM,-7.397,,,,,
44,02/12/24 10:00:00 AM,-2.962,,,,,
45,02/12/24 11:00:00 AM,0.893,,,,,
46,02/12/24 12:00:00 PM,1.330,,,,,
47,02/12/24 01:00:00 PM,7.682,,,,,
48,02/12/24 02:00:00 PM,5.552,,,,,
49,02/12/24 03:00:00 PM,11.236,,,,,
50,02/12/24 04:00:00 PM,9.571,,,,,
51,02/12/24 05:00:00 PM,3.261,,,,,
52,02/12/24 06:00:00 PM,0.674,,,,,
53,02/12/24 07:00:00 PM,-2.145,,,,,
54,02/12/24 08:00:00 PM,-3.197,,,,,
55,02/12/24 09:00:00 PM,-4.272,,,,,
56,02/12/24 10:00:00 PM,-4.393,,,,,
57,02/12/24 11:00:00 PM,-4.758,,,,,
58,02/13/24 12:00:00 AM,-5.003,,,,,
59,02/13/24 01:00:00 AM,-5.003,,,,,
60,02/13/24 02:00:00 AM,-5.249,,,,,
61,02/13/24 03:00:00 AM,-5.620,,,,,
62,02/13/24 04:00:00 AM,-5.745,,,,,
63,02/13/24 05:00:00 AM,-5.620,,,,,
64,02/13/24 06:00:00 AM,-5.995,,,,,
65,02/13/24 07:00:00 AM,-6.246,,,,,
66,02/13/24 08:00:00 AM,-7.267,,,,,
67,02/13/24 09:00:00 AM,-5.745,,,,,
68,02/13/24 10:00:00 AM,-1.684,,,,,
69,02/13/24 11:00:00 AM,2.730,,,,,
70,02/13/24 12:00:00 PM,3.049,,,,,
71,02/13/24 01:00:00 PM,9.077,,,,,
72,02/13/24 02:00:00 PM,7.682,,,,,
73,02/13/24 03:00:00 PM,13.750,,,,,
74,02/13/24 04:00:00 PM,12.883,,,,,
75,02/13/24 05:00:00 PM,5.552,,,,,
76,02/13/24 06:00:00 PM,2.624,,,,,
77,02/13/24 07:00:00 PM,-1.228,,,,,
78,02/13/24 08:00:00 PM,-1.228,,,,,
79,02/13/24 09:00:00 PM,-1.914,,,,,
80,02/13/24 10:00:00 PM,-3.197,,,,,
81,02/13/24 11:00:00 PM,-3.079,,,,,
82,02/14/24 12:00:00 AM,-2.377,,,,,
83,02/14/24 01:00:00 AM,-1.914,,,,,
84,02/14/24 02:00:00 AM,-1.341,,,,,
85,02/14/24 03:00:00 AM,-1.570,,,,,
86,02/14/24 04:00:00 AM,-0.213,,,,,
87,02/14/24 05:00:00 AM,-1.684,,,,,
88,02/14/24 06:00:00 AM,-1.914,,,,,
89,02/14/24 07:00:00 AM,-1.341,,,,,
90,02/14/24 08:00:00 AM,-2.261,,,,,
91,02/14/24 09:00:00 AM,-2.844,,,,,
92,02/14/24 10:00:00 AM,3.049,,,,,
93,02/14/24 11:00:00 AM,5.347,,,,,
94,02/14/24 12:00:00 PM,4.311,,,,,
95,02/14/24 01:00:00 PM,11.236,,,,,
96,02/14/24 02:00:00 PM,9.866,,,,,
97,02/14/24 03:00:00 PM,13.654,,,,,
98,02/14/24 04:00:00 PM,14.900,,,,,
99,02/14/24 05:00:00 PM,7.079,,,,,
100,02/14/24 06:00:00 PM,5.552,,,,,
101,02/14/24 07:00:00 PM,2.837,,,,,
102,02/14/24 08:00:00 PM,2.303,,,,,
103,02/14/24 09:00:00 PM,3.155,,,,,
104,02/14/24 10:00:00 PM,2.195,,,,,
105,02/14/24 11:00:00 PM,1.980,,,,,
106,02/15/24 12:00:00 AM,1.980,,,,,
107,02/15/24 01:00:00 AM,1.330,,,,,
108,02/15/24 02:00:00 AM,0.674,,,,,
109,02/15/24 03:00:00 AM,-1.228,,,,,
110,02/15/24 04:00:00 AM,2.088,,,,,
111,02/15/24 05:00:00 AM,3.998,,,,,
112,02/15/24 06:00:00 AM,4.102,,,,,
113,02/15/24 07:00:00 AM,3.261,,,,,
114,02/15/24 08:00:00 AM,3.155,,,,,
115,02/15/24 09:00:00 AM,2.410,,,,,
116,02/15/24 10:00:00 AM,3.998,,,,,
117,02/15/24 11:00:00 AM,6.978,,,,,
118,02/15/24 12:00:00 PM,8.978,,,,,
119,02/15/24 01:00:00 PM,6.370,,,,,
120,02/15/24 02:00:00 PM,5.347,,,,,
121,02/15/24 03:00:00 PM,14.804,,,,,
122,02/15/24 04:00:00 PM,8.382,,,,,
123,02/15/24 05:00:00 PM,8.182,,,,,
124,02/15/24 06:00:00 PM,6.674,,,,,
125,02/15/24 07:00:00 PM,3.472,,,,,
126,02/15/24 08:00:00 PM,1.330,,,,,
127,02/15/24 09:00:00 PM,2.303,,,,,
128,02/15/24 10:00:00 PM,1.764,,,,,
129,02/15/24 11:00:00 PM,2.624,,,,,
130,02/16/24 12:00:00 AM,2.730,,,,,
131,02/16/24 01:00:00 AM,1.980,,,,,
132,02/16/24 02:00:00 AM,0.893,,,,,
133,02/16/24 03:00:00 AM,-0.774,,,,,
134,02/16/24 04:00:00 AM,-0.774,,,,,
135,02/16/24 05:00:00 AM,-0.774,,,,,
136,02/16/24 06:00:00 AM,-0.437,,,,,
137,02/16/24 07:00:00 AM,0.343,,,,,
138,02/16/24 08:00:00 AM,-0.102,,,,,
139,02/16/24 09:00:00 AM,0.674,,,,,
140,02/16/24 10:00:00 AM,2.837,,,,,
141,02/16/24 11:00:00 AM,5.552,,,,,
142,02/16/24 12:00:00 PM,5.860,,,,,
143,02/16/24 01:00:00 PM,6.775,,,,,
144,02/16/24 02:00:00 PM,10.357,,,,,
145,02/16/24 03:00:00 PM,13.558,,,,,
146,02/16/24 04:00:00 PM,13.269,,,,,
147,02/16/24 05:00:00 PM,7.882,,,,,
148,02/16/24 06:00:00 PM,5.244,,,,,
149,02/16/24 07:00:00 PM,4.207,,,,,
150,02/16/24 08:00:00 PM,3.788,,,,,
151,02/16/24 09:00:00 PM,3.578,,,,,
152,02/16/24 10:00:00 PM,3.049,,,,,
153,02/16/24 11:00:00 PM,2.943,,,,,
154,02/17/24 12:00:00 AM,0.893,,,,,
155,02/17/24 01:00:00 AM,-2.610,,,,,
156,02/17/24 02:00:00 AM,-2.962,,,,,
157,02/17/24 03:00:00 AM,-3.079,,,,,
158,02/17/24 04:00:00 AM,-3.672,,,,,
159,02/17/24 05:00:00 AM,-6.373,,,,,
160,02/17/24 06:00:00 AM,-8.447,,,,,
161,02/17/24 07:00:00 AM,-9.388,,,,,
162,02/17/24 08:00:00 AM,-11.776,,,,,
163,02/17/24 09:00:00 AM,-7.657,,,,,
164,02/17/24 10:00:00 AM,-3.792,,,,,
165,02/17/24 11:00:00 AM,-1.341,,,,,
166,02/17/24 12:00:00 PM,1.221,,,,,
167,02/17/24 01:00:00 PM,6.775,,,,,
168,02/17/24 02:00:00 PM,7.179,,,,,
169,02/17/24 03:00:00 PM,10.357,,,,,
170,02/17/24 04:00:00 PM,10.944,,,,,
171,02/17/24 05:00:00 PM,3.261,,,,,
172,02/17/24 06:00:00 PM,-0.102,,,,,
173,02/17/24 07:00:00 PM,-3.672,,,,,
174,02/17/24 08:00:00 PM,-4.393,,,,,
175,02/17/24 09:00:00 PM,-4.514,,,,,
176,02/17/24 10:00:00 PM,-5.372,,,,,
177,02/17/24 11:00:00 PM,-5.372,,,,,
178,02/18/24 12:00:00 AM,-5.125,,,,,
179,02/18/24 01:00:00 AM,-5.870,,,,,
180,02/18/24 02:00:00 AM,-5.003,,,,,
181,02/18/24 03:00:00 AM,-1.914,,,,,
182,02/18/24 04:00:00 AM,-0.774,,,,,
183,02/18/24 05:00:00 AM,-1.001,,,,,
184,02/18/24 06:00:00 AM,-1.341,,,,,
185,02/18/24 07:00:00 AM,-3.197,,,,,
186,02/18/24 08:00:00 AM,-3.079,,,,,
187,02/18/24 09:00:00 AM,-2.030,,,,,
188,02/18/24 10:00:00 AM,0.010,,,,,
189,02/18/24 11:00:00 AM,0.893,,,,,
190,02/18/24 12:00:00 PM,1.112,,,,,
191,02/18/24 01:00:00 PM,2.730,,,,,
192,02/18/24 02:00:00 PM,3.998,,,,,
193,02/18/24 03:00:00 PM,7.682,,,,,
194,02/18/24 04:00:00 PM,3.155,,,,,
195,02/18/24 05:00:00 PM,3.261,,,,,
196,02/18/24 06:00:00 PM,0.784,,,,,
197,02/18/24 07:00:00 PM,-2.145,,,,,
198,02/18/24 08:00:00 PM,-3.197,,,,,
199,02/18/24 09:00:00 PM,-2.844,,,,,
200,02/18/24 10:00:00 PM,-2.377,,,,,
201,02/18/24 11:00:00 PM,-3.316,,,,,
202,02/19/24 12:00:00 AM,-3.197,,,,,
203,02/19/24 01:00:00 AM,-2.261,,,,,
204,02/19/24 02:00:00 AM,-2.610,,,,,
205,02/19/24 03:00:00 AM,-3.316,,,,,
206,02/19/24 04:00:00 AM,-4.758,,,,,
207,02/19/24 05:00:00 AM,-3.553,,,,,
208,02/19/24 06:00:00 AM,-3.079,,,,,
209,02/19/24 07:00:00 AM,-3.316,,,,,
210,02/19/24 08:00:00 AM,-3.553,,,,,
211,02/19/24 09:00:00 AM,-2.261,,,,,
212,02/19/24 10:00:00 AM,3.472,,,,,
213,02/19/24 11:00:00 AM,5.244,,,,,
214,02/19/24 12:00:00 PM,7.882,,,,,
215,02/19/24 01:00:00 PM,12.594,,,,,
216,02/19/24 02:00:00 PM,14.134,,,,,
217,02/19/24 03:00:00 PM,14.421,,,,,
218,02/19/24 04:00:00 PM,14.900,,,,,
219,02/19/24 05:00:00 PM,10.944,,,,,
220,02/19/24 06:00:00 PM,8.481,,,,,
221,02/19/24 07:00:00 PM,3.893,,,,,
222,02/19/24 08:00:00 PM,4.207,,,,,
223,02/19/24 09:00:00 PM,2.943,,,,,
224,02/19/24 10:00:00 PM,2.410,,,,,
225,02/19/24 11:00:00 PM,1.980,,,,,
226,02/20/24 12:00:00 AM,3.683,,,,,
227,02/20/24 01:00:00 AM,2.410,,,,,
228,02/20/24 02:00:00 AM,1.656,,,,,
229,02/20/24 03:00:00 AM,1.656,,,,,
230,02/20/24 04:00:00 AM,1.656,,,,,
231,02/20/24 05:00:00 AM,1.003,,,,,
232,02/20/24 06:00:00 AM,0.453,,,,,
233,02/20/24 07:00:00 AM,0.453,,,,,
234,02/20/24 08:00:00 AM,1.003,,,,,
235,02/20/24 09:00:00 AM,4.207,,,,,
236,02/20/24 10:00:00 AM,7.481,,,,,
237,02/20/24 11:00:00 AM,10.357,,,,,
238,02/20/24 12:00:00 PM,9.965,,,,,
239,02/20/24 01:00:00 PM,9.077,,,,,
240,02/20/24 02:00:00 PM,11.236,,,,,
241,02/20/24 03:00:00 PM,10.063,,,,,
242,02/20/24 04:00:00 PM,9.571,,,,,
243,02/20/24 05:00:00 PM,8.680,,,,,
244,02/20/24 06:00:00 PM,8.182,,,,,
245,02/20/24 07:00:00 PM,5.757,,,,,
246,02/20/24 08:00:00 PM,4.311,,,,,
247,02/20/24 09:00:00 PM,4.519,,,,,
248,02/20/24 10:00:00 PM,7.582,,,,,
249,02/20/24 11:00:00 PM,6.370,,,,,
250,02/21/24 12:00:00 AM,5.757,,,,,
251,02/21/24 01:00:00 AM,3.367,,,,,
252,02/21/24 02:00:00 AM,2.943,,,,,
253,02/21/24 03:00:00 AM,1.872,,,,,
254,02/21/24 04:00:00 AM,1.221,,,,,
255,02/21/24 05:00:00 AM,0.563,,,,,
256,02/21/24 06:00:00 AM,4.415,,,,,
257,02/21/24 07:00:00 AM,5.141,,,,,
258,02/21/24 08:00:00 AM,4.934,,,,,
259,02/21/24 09:00:00 AM,6.166,,,,,
260,02/21/24 10:00:00 AM,8.680,,,,,
261,02/21/24 11:00:00 AM,9.472,,,,,
262,02/21/24 12:00:00 PM,12.594,,,,,
263,02/21/24 01:00:00 PM,13.461,,,,,
264,02/21/24 02:00:00 PM,12.304,,,,,
265,02/21/24 03:00:00 PM,17.855,,,,,
266,02/21/24 04:00:00 PM,12.980,,,,,
267,02/21/24 05:00:00 PM,9.472,,,,,
268,02/21/24 06:00:00 PM,8.282,,,,,
269,02/21/24 07:00:00 PM,5.860,,,,,
270,02/21/24 08:00:00 PM,2.837,,,,,
271,02/21/24 09:00:00 PM,1.656,,,,,
272,02/21/24 10:00:00 PM,3.578,,,,,
273,02/21/24 11:00:00 PM,1.548,,,,,
274,02/22/24 12:00:00 AM,1.980,,,,,
275,02/22/24 01:00:00 AM,2.303,,,,,
276,02/22/24 02:00:00 AM,1.221,,,,,
277,02/22/24 03:00:00 AM,1.548,,,,,
278,02/22/24 04:00:00 AM,0.232,,,,,
279,02/22/24 05:00:00 AM,-0.437,,,,,
280,02/22/24 06:00:00 AM,-0.662,,,,,
281,02/22/24 07:00:00 AM,-0.325,,,,,
282,02/22/24 08:00:00 AM,-0.662,,,,,
283,02/22/24 09:00:00 AM,1.439,,,,,
284,02/22/24 10:00:00 AM,5.141,,,,,
285,02/22/24 11:00:00 AM,6.471,,,,,
286,02/22/24 12:00:00 PM,8.680,,,,,
287,02/22/24 01:00:00 PM,7.179,,,,,
288,02/22/24 02:00:00 PM,11.236,,,,,
289,02/22/24 03:00:00 PM,14.900,,,,,
290,02/22/24 04:00:00 PM,7.280,,,,,
291,02/22/24 05:00:00 PM,6.573,,,,,
292,02/22/24 06:00:00 PM,5.244,,,,,
293,02/22/24 07:00:00 PM,1.656,,,,,
294,02/22/24 08:00:00 PM,-0.325,,,,,
295,02/22/24 09:00:00 PM,-0.102,,,,,
296,02/22/24 10:00:00 PM,-1.114,,,,,
297,02/22/24 11:00:00 PM,-1.114,,,,,
298,02/23/24 12:00:00 AM,-1.570,,,,,
299,02/23/24 01:00:00 AM,-2.030,,,,,
300,02/23/24 02:00:00 AM,-2.377,,,,,
301,02/23/24 03:00:00 AM,-2.610,,,,,
302,02/23/24 04:00:00 AM,-3.316,,,,,
303,02/23/24 05:00:00 AM,-3.316,,,,,
304,02/23/24 06:00:00 AM,-3.911,,,,,
305,02/23/24 07:00:00 AM,-4.152,,,,,
306,02/23/24 08:00:00 AM,-4.272,,,,,
307,02/23/24 09:00:00 AM,-2.727,,,,,
308,02/23/24 10:00:00 AM,2.837,,,,,
309,02/23/24 11:00:00 AM,2.837,,,,,
310,02/23/24 12:00:00 PM,6.370,,,,,
311,02/23/24 01:00:00 PM,9.571,,,,,
312,02/23/24 02:00:00 PM,10.161,,,,,
313,02/23/24 03:00:00 PM,14.613,,,,,
314,02/23/24 04:00:00 PM,12.497,,,,,
315,02/23/24 05:00:00 PM,7.983,,,,,
316,02/23/24 06:00:00 PM,4.934,,,,,
317,02/23/24 07:00:00 PM,0.784,,,,,
318,02/23/24 08:00:00 PM,-0.437,,,,,
319,02/23/24 09:00:00 PM,-0.774,,,,,
320,02/23/24 10:00:00 PM,-0.887,,,,,
321,02/23/24 11:00:00 PM,-0.887,,,,,
322,02/24/24 12:00:00 AM,-1.114,,,,,
323,02/24/24 01:00:00 AM,-1.684,,,,,
324,02/24/24 02:00:00 AM,-1.570,,,,,
325,02/24/24 03:00:00 AM,-2.261,,,,,
326,02/24/24 04:00:00 AM,-2.844,,,,,
327,02/24/24 05:00:00 AM,-3.434,,,,,
328,02/24/24 06:00:00 AM,-4.031,,,,,
329,02/24/24 07:00:00 AM,-3.316,,,,,
330,02/24/24 08:00:00 AM,-3.434,,,,,
331,02/24/24 09:00:00 AM,-1.114,,,,,
332,02/24/24 10:00:00 AM,3.367,,,,,
333,02/24/24 11:00:00 AM,4.519,,,,,
334,02/24/24 12:00:00 PM,6.775,,,,,
335,02/24/24 01:00:00 PM,10.651,,,,,
336,02/24/24 02:00:00 PM,11.625,,,,,
337,02/24/24 03:00:00 PM,14.325,,,,,
338,02/24/24 04:00:00 PM,13.365,,,,,
339,02/24/24 05:00:00 PM,8.680,,,,,
340,02/24/24 06:00:00 PM,6.877,,,,,
341,02/24/24 07:00:00 PM,2.943,,,,,
342,02/24/24 08:00:00 PM,2.410,,,,,
343,02/24/24 09:00:00 PM,0.453,,,,,
344,02/24/24 10:00:00 PM,0.343,,,,,
345,02/24/24 11:00:00 PM,0.121,,,,,
346,02/25/24 12:00:00 AM,-0.549,,,,,
347,02/25/24 01:00:00 AM,-0.774,,,,,
348,02/25/24 02:00:00 AM,-1.001,,,,,
349,02/25/24 03:00:00 AM,-0.887,,,,,
350,02/25/24 04:00:00 AM,-1.228,,,,,
351,02/25/24 05:00:00 AM,-0.774,,,,,
352,02/25/24 06:00:00 AM,-1.001,,,,,
353,02/25/24 07:00:00 AM,-0.102,,,,,
354,02/25/24 08:00:00 AM,0.674,,,,,
355,02/25/24 09:00:00 AM,2.303,,,,,
356,02/25/24 10:00:00 AM,7.682,,,,,
357,02/25/24 11:00:00 AM,10.259,,,,,
358,02/25/24 12:00:00 PM,11.041,,,,,
359,02/25/24 01:00:00 PM,12.980,,,,,
360,02/25/24 02:00:00 PM,13.846,,,,,
361,02/25/24 03:00:00 PM,19.662,,,,,
362,02/25/24 04:00:00 PM,16.523,,,,,
363,02/25/24 05:00:00 PM,12.980,,,,,
364,02/25/24 06:00:00 PM,9.965,,,,,
365,02/25/24 07:00:00 PM,7.079,,,,,
366,02/25/24 08:00:00 PM,5.141,,,,,
367,02/25/24 09:00:00 PM,4.207,,,,,
368,02/25/24 10:00:00 PM,7.882,,,,,
369,02/25/24 11:00:00 PM,7.582,,,,,
370,02/26/24 12:00:00 AM,8.680,,,,,
371,02/26/24 01:00:00 AM,8.879,,,,,
372,02/26/24 02:00:00 AM,8.779,,,,,
373,02/26/24 03:00:00 AM,7.782,,,,,
374,02/26/24 04:00:00 AM,6.064,,,,,
375,02/26/24 05:00:00 AM,6.268,,,,,
376,02/26/24 06:00:00 AM,4.831,,,,,
377,02/26/24 07:00:00 AM,2.943,,,,,
378,02/26/24 08:00:00 AM,0.893,,,,,
379,02/26/24 09:00:00 AM,7.179,,,,,
380,02/26/24 10:00:00 AM,10.161,,,,,
381,02/26/24 11:00:00 AM,12.980,,,,,
382,02/26/24 12:00:00 PM,12.787,,,,,
383,02/26/24 01:00:00 PM,12.883,,,,,
384,02/26/24 02:00:00 PM,14.804,,,,,
385,02/26/24 03:00:00 PM,17.570,,,,,
386,02/26/24 04:00:00 PM,16.141,,,,,
387,02/26/24 05:00:00 PM,13.654,,,,,
388,02/26/24 06:00:00 PM,10.944,,,,,
389,02/26/24 07:00:00 PM,8.879,,,,,
390,02/26/24 08:00:00 PM,8.879,,,,,
391,02/26/24 09:00:00 PM,9.077,,,,,
392,02/26/24 10:00:00 PM,8.581,,,,,
393,02/26/24 11:00:00 PM,8.282,,,,,
394,02/27/24 12:00:00 AM,8.082,,,,,
395,02/27/24 01:00:00 AM,7.782,,,,,
396,02/27/24 02:00:00 AM,7.481,,,,,
397,02/27/24 03:00:00 AM,7.381,,,,,
398,02/27/24 04:00:00 AM,7.179,,,,,
399,02/27/24 05:00:00 AM,6.978,,,,,
400,02/27/24 06:00:00 AM,6.370,,,,,
401,02/27/24 07:00:00 AM,5.552,,,,,
402,02/27/24 08:00:00 AM,1.548,,,,,
403,02/27/24 09:00:00 AM,0.121,,,,,
404,02/27/24 10:00:00 AM,1.439,,,,,
405,02/27/24 11:00:00 AM,2.303,,,,,
406,02/27/24 12:00:00 PM,2.730,,,,,
407,02/27/24 01:00:00 PM,4.311,,,,,
408,02/27/24 02:00:00 PM,4.831,,,,,
409,02/27/24 03:00:00 PM,6.978,,,,,
410,02/27/24 04:00:00 PM,2.837,,,,,
411,02/27/24 05:00:00 PM,2.088,,,,,
412,02/27/24 06:00:00 PM,-0.437,,,,,
413,02/27/24 07:00:00 PM,-2.145,,,,,
414,02/27/24 08:00:00 PM,-3.911,,,,,
415,02/27/24 09:00:00 PM,-5.125,,,,,
416,02/27/24 10:00:00 PM,-5.870,,,,,
417,02/27/24 11:00:00 PM,-7.138,,,,,
418,02/28/24 12:00:00 AM,-8.447,,,,,
419,02/28/24 01:00:00 AM,-8.847,,,,,
420,02/28/24 02:00:00 AM,-9.525,,,,,
421,02/28/24 03:00:00 AM,-9.252,,,,,
422,02/28/24 04:00:00 AM,-9.117,,,,,
423,02/28/24 05:00:00 AM,-8.580,,,,,
424,02/28/24 06:00:00 AM,-8.982,,,,,
425,02/28/24 07:00:00 AM,-10.075,,,,,
426,02/28/24 08:00:00 AM,-8.580,,,,,
427,02/28/24 09:00:00 AM,-5.372,,,,,
428,02/28/24 10:00:00 AM,-2.727,,,,,
429,02/28/24 11:00:00 AM,-0.887,,,,,
430,02/28/24 12:00:00 PM,0.453,,,,,
431,02/28/24 01:00:00 PM,3.788,,,,,
432,02/28/24 02:00:00 PM,4.934,,,,,
433,02/28/24 03:00:00 PM,11.916,,,,,
434,02/28/24 04:00:00 PM,5.962,,,,,
435,02/28/24 05:00:00 PM,4.727,,,,,
436,02/28/24 06:00:00 PM,1.872,,,,,
437,02/28/24 07:00:00 PM,-2.377,,,,,
438,02/28/24 08:00:00 PM,-2.727,,,,,
439,02/28/24 09:00:00 PM,-3.316,,,,,
440,02/28/24 10:00:00 PM,-3.672,,,,,
441,02/28/24 11:00:00 PM,-3.316,,,,,
442,02/29/24 12:00:00 AM,-3.434,,,,,
443,02/29/24 01:00:00 AM,-4.031,,,,,
444,02/29/24 02:00:00 AM,-4.880,,,,,
445,02/29/24 03:00:00 AM,-5.620,,,,,
446,02/29/24 04:00:00 AM,-5.745,,,,,
447,02/29/24 05:00:00 AM,-6.120,,,,,
448,02/29/24 06:00:00 AM,-5.496,,,,,
449,02/29/24 07:00:00 AM,-5.870,,,,,
450,02/29/24 08:00:00 AM,-7.397,,,,,
451,02/29/24 09:00:00 AM,-2.145,,,,,
452,02/29/24 10:00:00 AM,2.943,,,,,
453,02/29/24 11:00:00 AM,5.962,,,,,
454,02/29/24 12:00:00 PM,6.268,,,,,
455,02/29/24 01:00:00 PM,8.481,,,,,
456,02/29/24 02:00:00 PM,10.748,,,,,
457,02/29/24 03:00:00 PM,15.855,,,,,
458,02/29/24 04:00:00 PM,10.651,,,,,
459,02/29/24 05:00:00 PM,10.063,,,,,
460,02/29/24 06:00:00 PM,6.064,,,,,
461,02/29/24 07:00:00 PM,2.624,,,,,
462,02/29/24 08:00:00 PM,0.893,,,,,
463,02/29/24 09:00:00 PM,1.003,,,,,
464,02/29/24 10:00:00 PM,-0.549,,,,,
465,02/29/24 11:00:00 PM,0.010,,,,,
466,03/01/24 12:00:00 AM,2.730,,,,,
467,03/01/24 01:00:00 AM,2.410,,,,,
468,03/01/24 02:00:00 AM,-0.662,,,,,
469,03/01/24 03:00:00 AM,-1.570,,,,,
470,03/01/24 04:00:00 AM,-0.774,,,,,
471,03/01/24 05:00:00 AM,-2.377,,,,,
472,03/01/24 06:00:00 AM,3.472,,,,,
473,03/01/24 07:00:00 AM,3.367,,,,,
474,03/01/24 08:00:00 AM,2.303,,,,,
475,03/01/24 09:00:00 AM,5.450,,,,,
476,03/01/24 10:00:00 AM,9.571,,,,,
477,03/01/24 11:00:00 AM,11.916,,,,,
478,03/01/24 12:00:00 PM,10.259,,,,,
479,03/01/24 01:00:00 PM,12.110,,,,,
480,03/01/24 02:00:00 PM,12.883,,,,,
481,03/01/24 03:00:00 PM,12.304,,,,,
482,03/01/24 04:00:00 PM,13.558,,,,,
483,03/01/24 05:00:00 PM,13.173,,,,,
484,03/01/24 06:00:00 PM,11.041,,,,,
485,03/01/24 07:00:00 PM,7.582,,,,,
486,03/01/24 08:00:00 PM,3.998,,,,,
487,03/01/24 09:00:00 PM,3.155,,,,,
488,03/01/24 10:00:00 PM,9.472,,,,,
489,03/01/24 11:00:00 PM,9.373,,,,,
490,03/02/24 12:00:00 AM,9.669,,,,,
491,03/02/24 01:00:00 AM,9.077,,,,,
492,03/02/24 02:00:00 AM,8.382,,,,,
493,03/02/24 03:00:00 AM,7.782,,,,,
494,03/02/24 04:00:00 AM,6.978,,,,,
495,03/02/24 05:00:00 AM,6.370,,,,,
496,03/02/24 06:00:00 AM,5.552,,,,,
497,03/02/24 07:00:00 AM,5.347,,,,,
498,03/02/24 08:00:00 AM,5.141,,,,,
499,03/02/24 09:00:00 AM,6.268,,,,,
500,03/02/24 10:00:00 AM,7.079,,,,,
501,03/02/24 11:00:00 AM,10.651,,,,,
502,03/02/24 12:00:00 PM,10.748,,,,,
503,03/02/24 01:00:00 PM,11.334,,,,,
504,03/02/24 02:00:00 PM,13.461,,,,,
505,03/02/24 03:00:00 PM,17.570,,,,,
506,03/02/24 04:00:00 PM,10.357,,,,,
507,03/02/24 05:00:00 PM,11.236,,,,,
508,03/02/24 06:00:00 PM,11.431,,,,,
509,03/02/24 07:00:00 PM,10.455,,,,,
510,03/02/24 08:00:00 PM,8.680,,,,,
511,03/02/24 09:00:00 PM,8.581,,,,,
512,03/02/24 10:00:00 PM,7.882,,,,,
513,03/02/24 11:00:00 PM,6.877,,,,,
514,03/03/24 12:00:00 AM,0.674,,,,,
515,03/03/24 01:00:00 AM,-2.727,,,,,
516,03/03/24 02:00:00 AM,-4.272,,,,,
517,03/03/24 03:00:00 AM,-4.758,,,,,
518,03/03/24 04:00:00 AM,-5.249,,,,,
519,03/03/24 05:00:00 AM,-5.125,,,,,
520,03/03/24 06:00:00 AM,-5.125,,,,,
521,03/03/24 07:00:00 AM,-5.125,,,,,
522,03/03/24 08:00:00 AM,-5.003,,,,,
523,03/03/24 09:00:00 AM,-3.434,,,,,
524,03/03/24 10:00:00 AM,-0.437,,,,,
525,03/03/24 11:00:00 AM,3.261,,,,,
526,03/03/24 12:00:00 PM,3.788,,,,,
527,03/03/24 01:00:00 PM,5.450,,,,,
528,03/03/24 02:00:00 PM,7.682,,,,,
529,03/03/24 03:00:00 PM,13.750,,,,,
530,03/03/24 04:00:00 PM,7.079,,,,,
531,03/03/24 05:00:00 PM,3.893,,,,,
532,03/03/24 06:00:00 PM,3.261,,,,,
533,03/03/24 07:00:00 PM,1.221,,,,,
534,03/03/24 08:00:00 PM,0.343,,,,,
535,03/03/24 09:00:00 PM,0.010,,,,,
536,03/03/24 10:00:00 PM,-2.610,,,,,
537,03/03/24 11:00:00 PM,-3.553,,,,,
538,03/04/24 12:00:00 AM,-4.152,,,,,
539,03/04/24 01:00:00 AM,-4.636,,,,,
540,03/04/24 02:00:00 AM,-5.003,,,,,
541,03/04/24 03:00:00 AM,-5.249,,,,,
542,03/04/24 04:00:00 AM,-5.372,,,,,
543,03/04/24 05:00:00 AM,-5.372,,,,,
544,03/04/24 06:00:00 AM,-5.372,,,,,
545,03/04/24 07:00:00 AM,-5.249,,,,,
546,03/04/24 08:00:00 AM,-5.125,,,,,
547,03/04/24 09:00:00 AM,-3.553,,,,,
548,03/04/24 10:00:00 AM,-0.102,,,,,
549,03/04/24 11:00:00 AM,1.656,,,,,
550,03/04/24 12:00:00 PM,1.980,,,,,
551,03/04/24 01:00:00 PM,2.624,,,,,
552,03/04/24 02:00:00 PM,2.303,,,,,
553,03/04/24 03:00:00 PM,0.453,,,,,
554,03/04/24 04:00:00 PM,0.893,,,,,
555,03/04/24 05:00:00 PM,0.232,,,,,
556,03/04/24 06:00:00 PM,0.010,,,,,
557,03/04/24 07:00:00 PM,-0.662,,,,,
558,03/04/24 08:00:00 PM,-1.799,,,,,
559,03/04/24 09:00:00 PM,-1.228,,,,,
560,03/04/24 10:00:00 PM,-2.030,,,,,
561,03/04/24 11:00:00 PM,-2.030,,,,,
562,03/05/24 12:00:00 AM,-1.799,,,,,
563,03/05/24 01:00:00 AM,-1.914,,,,,
564,03/05/24 02:00:00 AM,-1.799,,,,,
565,03/05/24 03:00:00 AM,-2.377,,,,,
566,03/05/24 04:00:00 AM,-2.145,,,,,
567,03/05/24 05:00:00 AM,-2.145,,,,,
568,03/05/24 06:00:00 AM,-2.145,,,,,
569,03/05/24 07:00:00 AM,-2.261,,,,,
570,03/05/24 08:00:00 AM,-1.456,,,,,
571,03/05/24 09:00:00 AM,0.232,,,,,
572,03/05/24 10:00:00 AM,1.980,,,,,
573,03/05/24 11:00:00 AM,2.837,,,,,
574,03/05/24 12:00:00 PM,6.064,,,,,
575,03/05/24 01:00:00 PM,5.347,,,,,
576,03/05/24 02:00:00 PM,10.455,,,,,
577,03/05/24 03:00:00 PM,10.846,,,,,
578,03/05/24 04:00:00 PM,8.082,,,,,
579,03/05/24 05:00:00 PM,5.962,,,,,
580,03/05/24 06:00:00 PM,6.573,,,,,
581,03/05/24 07:00:00 PM,2.517,,,,,
582,03/05/24 08:00:00 PM,0.563,,,,,
583,03/05/24 09:00:00 PM,0.563,,,,,
584,03/05/24 10:00:00 PM,0.453,,,,,
585,03/05/24 11:00:00 PM,0.453,,,,,
586,03/06/24 12:00:00 AM,0.674,,,,,
587,03/06/24 01:00:00 AM,1.221,,,,,
588,03/06/24 02:00:00 AM,1.003,,,,,
589,03/06/24 03:00:00 AM,0.453,,,,,
590,03/06/24 04:00:00 AM,0.343,,,,,
591,03/06/24 05:00:00 AM,0.232,,,,,
592,03/06/24 06:00:00 AM,0.121,,,,,
593,03/06/24 07:00:00 AM,1.003,,,,,
594,03/06/24 08:00:00 AM,0.674,,,,,
595,03/06/24 09:00:00 AM,4.934,,,,,
596,03/06/24 10:00:00 AM,5.347,,,,,
597,03/06/24 11:00:00 AM,7.983,,,,,
598,03/06/24 12:00:00 PM,8.082,,,,,
599,03/06/24 01:00:00 PM,9.176,,,,,
600,03/06/24 02:00:00 PM,9.965,,,,,
601,03/06/24 03:00:00 PM,11.431,,,,,
602,03/06/24 04:00:00 PM,8.879,,,,,
603,03/06/24 05:00:00 PM,5.962,,,,,
604,03/06/24 06:00:00 PM,5.962,,,,,
605,03/06/24 07:00:00 PM,5.347,,,,,
606,03/06/24 08:00:00 PM,3.788,,,,,
607,03/06/24 09:00:00 PM,3.893,,,,,
608,03/06/24 10:00:00 PM,3.367,,,,,
609,03/06/24 11:00:00 PM,3.788,,,,,
610,03/07/24 12:00:00 AM,4.102,,,,,
611,03/07/24 01:00:00 AM,3.049,,,,,
612,03/07/24 02:00:00 AM,3.367,,,,,
613,03/07/24 03:00:00 AM,2.730,,,,,
614,03/07/24 04:00:00 AM,1.112,,,,,
615,03/07/24 05:00:00 AM,0.784,,,,,
616,03/07/24 06:00:00 AM,1.221,,,,,
617,03/07/24 07:00:00 AM,0.674,,,,,
618,03/07/24 08:00:00 AM,-0.325,,,,,
619,03/07/24 09:00:00 AM,4.519,,,,,
620,03/07/24 10:00:00 AM,5.655,,,,,
621,03/07/24 11:00:00 AM,9.472,,,,,
622,03/07/24 12:00:00 PM,5.450,,,,,
623,03/07/24 01:00:00 PM,8.082,,,,,
624,03/07/24 02:00:00 PM,10.063,,,,,
625,03/07/24 03:00:00 PM,6.064,,,,,
626,03/07/24 04:00:00 PM,4.727,,,,,
627,03/07/24 05:00:00 PM,4.727,,,,,
628,03/07/24 06:00:00 PM,5.860,,,,,
629,03/07/24 07:00:00 PM,3.367,,,,,
630,03/07/24 08:00:00 PM,2.730,,,,,
631,03/07/24 09:00:00 PM,1.439,,,,,
632,03/07/24 10:00:00 PM,1.548,,,,,
633,03/07/24 11:00:00 PM,0.893,,,,,
634,03/08/24 12:00:00 AM,1.764,,,,,
635,03/08/24 01:00:00 AM,0.784,,,,,
636,03/08/24 02:00:00 AM,1.003,,,,,
637,03/08/24 03:00:00 AM,-0.325,,,,,
638,03/08/24 04:00:00 AM,1.112,,,,,
639,03/08/24 05:00:00 AM,1.112,,,,,
640,03/08/24 06:00:00 AM,1.003,,,,,
641,03/08/24 07:00:00 AM,0.674,,,,,
642,03/08/24 08:00:00 AM,0.784,,,,,
643,03/08/24 09:00:00 AM,1.980,,,,,
644,03/08/24 10:00:00 AM,6.877,,,,,
645,03/08/24 11:00:00 AM,8.879,,,,,
646,03/08/24 12:00:00 PM,7.381,,,,,
647,03/08/24 01:00:00 PM,8.978,,,,,
648,03/08/24 02:00:00 PM,10.063,,,,,
649,03/08/24 03:00:00 PM,11.334,,,,,
650,03/08/24 04:00:00 PM,5.552,,,,,
651,03/08/24 05:00:00 PM,4.415,,,,,
652,03/08/24 06:00:00 PM,4.415,,,,,
653,03/08/24 07:00:00 PM,2.517,,,,,
654,03/08/24 08:00:00 PM,1.003,,,,,
655,03/08/24 09:00:00 PM,-0.102,,,,,
656,03/08/24 10:00:00 PM,-1.341,,,,,
657,03/08/24 11:00:00 PM,-2.727,,,,,
658,03/09/24 12:00:00 AM,-2.962,,,,,
659,03/09/24 01:00:00 AM,-3.197,,,,,
660,03/09/24 02:00:00 AM,-3.911,,,,,
661,03/09/24 03:00:00 AM,-3.911,,,,,
662,03/09/24 04:00:00 AM,-4.272,,,,,
663,03/09/24 05:00:00 AM,-4.758,,,,,
664,03/09/24 06:00:00 AM,-4.880,,,,,
665,03/09/24 07:00:00 AM,-4.272,,,,,
666,03/09/24 08:00:00 AM,-4.758,,,,,
667,03/09/24 09:00:00 AM,-0.662,,,,,
668,03/09/24 10:00:00 AM,2.730,,,,,
669,03/09/24 11:00:00 AM,6.978,,,,,
670,03/09/24 12:00:00 PM,4.831,,,,,
671,03/09/24 01:00:00 PM,6.573,,,,,
672,03/09/24 02:00:00 PM,8.879,,,,,
673,03/09/24 03:00:00 PM,14.900,,,,,
674,03/09/24 04:00:00 PM,8.382,,,,,
675,03/09/24 05:00:00 PM,7.582,,,,,
676,03/09/24 06:00:00 PM,7.481,,,,,
677,03/09/24 07:00:00 PM,2.837,,,,,
678,03/09/24 08:00:00 PM,0.010,,,,,
679,03/09/24 09:00:00 PM,-0.102,,,,,
680,03/09/24 10:00:00 PM,-0.213,,,,,
681,03/09/24 11:00:00 PM,-0.437,,,,,
682,03/10/24 12:00:00 AM,-1.001,,,,,
683,03/10/24 01:00:00 AM,-0.887,,,,,
684,03/10/24 02:00:00 AM,-1.570,,,,,
685,03/10/24 03:00:00 AM,-1.456,,,,,
686,03/10/24 04:00:00 AM,-1.914,,,,,
687,03/10/24 05:00:00 AM,-2.030,,,,,
688,03/10/24 06:00:00 AM,-2.030,,,,,
689,03/10/24 07:00:00 AM,-1.570,,,,,
690,03/10/24 08:00:00 AM,-0.437,,,,,
691,03/10/24 09:00:00 AM,3.683,,,,,
692,03/10/24 10:00:00 AM,7.682,,,,,
693,03/10/24 11:00:00 AM,12.013,,,,,
694,03/10/24 12:00:00 PM,9.768,,,,,
695,03/10/24 01:00:00 PM,11.236,,,,,
696,03/10/24 02:00:00 PM,12.594,,,,,
697,03/10/24 03:00:00 PM,16.903,,,,,
698,03/10/24 04:00:00 PM,11.722,,,,,
699,03/10/24 05:00:00 PM,10.748,,,,,
700,03/10/24 06:00:00 PM,9.965,,,,,
701,03/10/24 07:00:00 PM,5.450,,,,,
702,03/10/24 08:00:00 PM,1.980,,,,,
703,03/10/24 09:00:00 PM,1.980,,,,,
704,03/10/24 10:00:00 PM,1.656,,,,,
705,03/10/24 11:00:00 PM,1.764,,,,,
706,03/11/24 12:00:00 AM,0.893,,,,,
707,03/11/24 01:00:00 AM,1.221,,,,,
708,03/11/24 02:00:00 AM,1.872,,,,,
709,03/11/24 03:00:00 AM,1.548,,,,,
710,03/11/24 04:00:00 AM,1.003,,,,,
711,03/11/24 05:00:00 AM,2.730,,,,,
712,03/11/24 06:00:00 AM,5.037,,,,,
713,03/11/24 07:00:00 AM,5.450,,,,,
714,03/11/24 08:00:00 AM,5.860,,,,,
715,03/11/24 09:00:00 AM,6.775,,,,,
716,03/11/24 10:00:00 AM,8.282,,,,,
717,03/11/24 11:00:00 AM,13.654,,,,,
718,03/11/24 12:00:00 PM,13.750,,,,,
719,03/11/24 01:00:00 PM,11.431,,,,,
720,03/11/24 02:00:00 PM,14.230,,,,,
721,03/11/24 03:00:00 PM,18.140,,,,,
722,03/11/24 04:00:00 PM,13.076,,,,,
723,03/11/24 05:00:00 PM,12.013,,,,,
724,03/11/24 06:00:00 PM,11.722,,,,,
725,03/11/24 07:00:00 PM,7.179,,,,,
726,03/11/24 08:00:00 PM,5.552,,,,,
727,03/11/24 09:00:00 PM,6.978,,,,,
728,03/11/24 10:00:00 PM,6.471,,,,,
729,03/11/24 11:00:00 PM,6.064,,,,,
730,03/12/24 12:00:00 AM,5.450,,,,,
731,03/12/24 01:00:00 AM,4.207,,,,,
732,03/12/24 02:00:00 AM,2.837,,,,,
733,03/12/24 03:00:00 AM,3.261,,,,,
734,03/12/24 04:00:00 AM,3.472,,,,,
735,03/12/24 05:00:00 AM,3.049,,,,,
736,03/12/24 06:00:00 AM,3.155,,,,,
737,03/12/24 07:00:00 AM,2.303,,,,,
738,03/12/24 08:00:00 AM,2.943,,,,,
739,03/12/24 09:00:00 AM,7.481,,,,,
740,03/12/24 10:00:00 AM,7.682,,,,,
741,03/12/24 11:00:00 AM,14.996,,,,,
742,03/12/24 12:00:00 PM,12.013,,,,,
743,03/12/24 01:00:00 PM,13.269,,,,,
744,03/12/24 02:00:00 PM,12.013,,,,,
745,03/12/24 03:00:00 PM,10.846,,,,,
746,03/12/24 04:00:00 PM,10.161,,,,,
747,03/12/24 05:00:00 PM,9.077,,,,,
748,03/12/24 06:00:00 PM,7.280,,,,,
749,03/12/24 07:00:00 PM,5.655,,,,,
750,03/12/24 08:00:00 PM,4.934,,,,,
751,03/12/24 09:00:00 PM,4.519,,,,,
752,03/12/24 10:00:00 PM,3.683,,,,,
753,03/12/24 11:00:00 PM,4.102,,,,,
754,03/13/24 12:00:00 AM,3.998,,,,,
755,03/13/24 01:00:00 AM,3.788,,,,,
756,03/13/24 02:00:00 AM,2.517,,,,,
757,03/13/24 03:00:00 AM,1.980,,,,,
758,03/13/24 04:00:00 AM,2.624,,,,,
759,03/13/24 05:00:00 AM,2.730,,,,,
760,03/13/24 06:00:00 AM,2.624,,,,,
761,03/13/24 07:00:00 AM,1.330,,,,,
762,03/13/24 08:00:00 AM,0.784,,,,,
763,03/13/24 09:00:00 AM,1.439,,,,,
764,03/13/24 10:00:00 AM,1.439,,,,,
765,03/13/24 11:00:00 AM,2.410,,,,,
766,03/13/24 12:00:00 PM,1.764,,,,,
767,03/13/24 01:00:00 PM,1.330,,,,,
768,03/13/24 02:00:00 PM,1.330,,,,,
769,03/13/24 03:00:00 PM,2.303,,,,,
770,03/13/24 04:00:00 PM,2.195,,,,,
771,03/13/24 05:00:00 PM,2.837,,,,,
772,03/13/24 06:00:00 PM,2.303,,,,,
773,03/13/24 07:00:00 PM,0.563,,,,,
774,03/13/24 08:00:00 PM,-1.114,,,,,
775,03/13/24 09:00:00 PM,-0.774,,,,,
776,03/13/24 10:00:00 PM,-0.437,,,,,
777,03/13/24 11:00:00 PM,-1.114,,,,,
778,03/14/24 12:00:00 AM,-0.887,,,,,
779,03/14/24 01:00:00 AM,-1.341,,,,,
780,03/14/24 02:00:00 AM,-1.456,,,,,
781,03/14/24 03:00:00 AM,-1.114,,,,,
782,03/14/24 04:00:00 AM,-0.774,,,,,
783,03/14/24 05:00:00 AM,-0.774,,,,,
784,03/14/24 06:00:00 AM,-0.774,,,,,
785,03/14/24 07:00:00 AM,-1.114,,,,,
786,03/14/24 08:00:00 AM,-1.228,,,,,
787,03/14/24 09:00:00 AM,-0.549,,,,,
788,03/14/24 10:00:00 AM,0.674,,,,,
789,03/14/24 11:00:00 AM,-0.213,,,,,
790,03/14/24 12:00:00 PM,1.656,,,,,
791,03/14/24 01:00:00 PM,4.415,,,,,
792,03/14/24 02:00:00 PM,4.102,,,,,
793,03/14/24 03:00:00 PM,10.161,,,,,
794,03/14/24 04:00:00 PM,7.682,,,,,
795,03/14/24 05:00:00 PM,6.471,,,,,
796,03/14/24 06:00:00 PM,2.195,,,,,
797,03/14/24 07:00:00 PM,1.330,,,,,
798,03/14/24 08:00:00 PM,1.221,,,,,
799,03/14/24 09:00:00 PM,1.221,,,,,
800,03/14/24 10:00:00 PM,-0.887,,,,,
801,03/14/24 11:00:00 PM,-1.228,,,,,
802,03/15/24 12:00:00 AM,-0.774,,,,,
803,03/15/24 01:00:00 AM,-0.662,,,,,
804,03/15/24 02:00:00 AM,-0.102,,,,,
805,03/15/24 03:00:00 AM,-0.325,,,,,
806,03/15/24 04:00:00 AM,0.343,,,,,
807,03/15/24 05:00:00 AM,0.453,,,,,
808,03/15/24 06:00:00 AM,-0.325,,,,,
809,03/15/24 07:00:00 AM,-0.325,,,,,
810,03/15/24 08:00:00 AM,-0.102,,,,,
811,03/15/24 09:00:00 AM,0.563,,,,,
812,03/15/24 10:00:00 AM,0.563,,,,,
813,03/15/24 11:00:00 AM,3.578,,,,,
814,03/15/24 12:00:00 PM,5.860,,,,,
815,03/15/24 01:00:00 PM,6.268,,,,,
816,03/15/24 02:00:00 PM,6.064,,,,,
817,03/15/24 03:00:00 PM,9.472,,,,,
818,03/15/24 04:00:00 PM,6.674,,,,,
819,03/15/24 05:00:00 PM,6.471,,,,,
820,03/15/24 06:00:00 PM,6.166,,,,,
821,03/15/24 07:00:00 PM,4.727,,,,,
822,03/15/24 08:00:00 PM,2.837,,,,,
823,03/15/24 09:00:00 PM,2.730,,,,,
824,03/15/24 10:00:00 PM,2.517,,,,,
825,03/15/24 11:00:00 PM,0.453,,,,,
826,03/16/24 12:00:00 AM,0.674,,,,,
827,03/16/24 01:00:00 AM,0.453,,,,,
828,03/16/24 02:00:00 AM,0.674,,,,,
829,03/16/24 03:00:00 AM,0.893,,,,,
830,03/16/24 04:00:00 AM,0.453,,,,,
831,03/16/24 05:00:00 AM,0.343,,,,,
832,03/16/24 06:00:00 AM,-1.341,,,,,
833,03/16/24 07:00:00 AM,-1.456,,,,,
834,03/16/24 08:00:00 AM,0.010,,,,,
835,03/16/24 09:00:00 AM,2.517,,,,,
836,03/16/24 10:00:00 AM,2.303,,,,,
837,03/16/24 11:00:00 AM,1.764,,,,,
838,03/16/24 12:00:00 PM,4.415,,,,,
839,03/16/24 01:00:00 PM,3.788,,,,,
840,03/16/24 02:00:00 PM,6.471,,,,,
841,03/16/24 03:00:00 PM,11.334,,,,,
842,03/16/24 04:00:00 PM,8.680,,,,,
843,03/16/24 05:00:00 PM,6.573,,,,,
844,03/16/24 06:00:00 PM,4.519,,,,,
845,03/16/24 07:00:00 PM,2.943,,,,,
846,03/16/24 08:00:00 PM,2.410,,,,,
847,03/16/24 09:00:00 PM,2.303,,,,,
848,03/16/24 10:00:00 PM,2.088,,,,,
849,03/16/24 11:00:00 PM,1.439,,,,,
850,03/17/24 12:00:00 AM,0.784,,,,,
851,03/17/24 01:00:00 AM,1.003,,,,,
852,03/17/24 02:00:00 AM,1.656,,,,,
853,03/17/24 03:00:00 AM,1.548,,,,,
854,03/17/24 04:00:00 AM,1.439,,,,,
855,03/17/24 05:00:00 AM,1.221,,,,,
856,03/17/24 06:00:00 AM,0.453,,,,,
857,03/17/24 07:00:00 AM,1.112,,,,,
858,03/17/24 08:00:00 AM,1.439,,,,,
859,03/17/24 09:00:00 AM,2.624,,,,,
860,03/17/24 10:00:00 AM,3.893,,,,,
861,03/17/24 11:00:00 AM,7.582,,,,,
862,03/17/24 12:00:00 PM,7.782,,,,,
863,03/17/24 01:00:00 PM,8.978,,,,,
864,03/17/24 02:00:00 PM,11.916,,,,,
865,03/17/24 03:00:00 PM,15.091,,,,,
866,03/17/24 04:00:00 PM,11.334,,,,,
867,03/17/24 05:00:00 PM,12.980,,,,,
868,03/17/24 06:00:00 PM,9.866,,,,,
869,03/17/24 07:00:00 PM,6.674,,,,,
870,03/17/24 08:00:00 PM,4.102,,,,,
871,03/17/24 09:00:00 PM,4.102,,,,,
872,03/17/24 10:00:00 PM,3.155,,,,,
873,03/17/24 11:00:00 PM,2.410,,,,,
874,03/18/24 12:00:00 AM,1.330,,,,,
875,03/18/24 01:00:00 AM,0.674,,,,,
876,03/18/24 02:00:00 AM,0.343,,,,,
877,03/18/24 03:00:00 AM,0.010,,,,,
878,03/18/24 04:00:00 AM,-0.213,,,,,
879,03/18/24 05:00:00 AM,-0.549,,,,,
880,03/18/24 06:00:00 AM,-0.887,,,,,
881,03/18/24 07:00:00 AM,-1.114,,,,,
882,03/18/24 08:00:00 AM,0.784,,,,,
883,03/18/24 09:00:00 AM,5.757,,,,,
884,03/18/24 10:00:00 AM,7.179,,,,,
885,03/18/24 11:00:00 AM,14.038,,,,,
886,03/18/24 12:00:00 PM,10.063,,,,,
887,03/18/24 01:00:00 PM,11.041,,,,,
888,03/18/24 02:00:00 PM,15.664,,,,,
889,03/18/24 03:00:00 PM,17.855,,,,,
890,03/18/24 04:00:00 PM,12.594,,,,,
891,03/18/24 05:00:00 PM,13.558,,,,,
892,03/18/24 06:00:00 PM,10.259,,,,,
893,03/18/24 07:00:00 PM,6.370,,,,,
894,03/18/24 08:00:00 PM,6.064,,,,,
895,03/18/24 09:00:00 PM,4.519,,,,,
896,03/18/24 10:00:00 PM,3.683,,,,,
897,03/18/24 11:00:00 PM,2.837,,,,,
898,03/19/24 12:00:00 AM,2.624,,,,,
899,03/19/24 01:00:00 AM,2.410,,,,,
900,03/19/24 02:00:00 AM,2.303,,,,,
901,03/19/24 03:00:00 AM,1.439,,,,,
902,03/19/24 04:00:00 AM,0.893,,,,,
903,03/19/24 05:00:00 AM,1.003,,,,,
904,03/19/24 06:00:00 AM,0.784,,,,,
905,03/19/24 07:00:00 AM,0.453,,,,,
906,03/19/24 08:00:00 AM,2.303,,,,,
907,03/19/24 09:00:00 AM,8.680,,,,,
908,03/19/24 10:00:00 AM,9.768,,,,,
909,03/19/24 11:00:00 AM,16.332,,,,,
910,03/19/24 12:00:00 PM,12.401,,,,,
911,03/19/24 01:00:00 PM,13.269,,,,,
912,03/19/24 02:00:00 PM,18.711,,,,,
913,03/19/24 03:00:00 PM,18.521,,,,,
914,03/19/24 04:00:00 PM,15.569,,,,,
915,03/19/24 05:00:00 PM,15.855,,,,,
916,03/19/24 06:00:00 PM,12.401,,,,,
917,03/19/24 07:00:00 PM,8.978,,,,,
918,03/19/24 08:00:00 PM,7.983,,,,,
919,03/19/24 09:00:00 PM,7.582,,,,,
920,03/19/24 10:00:00 PM,6.268,,,,,
921,03/19/24 11:00:00 PM,4.727,,,,,
922,03/20/24 12:00:00 AM,3.893,,,,,
923,03/20/24 01:00:00 AM,3.049,,,,,
924,03/20/24 02:00:00 AM,2.088,,,,,
925,03/20/24 03:00:00 AM,1.548,,,,,
926,03/20/24 04:00:00 AM,2.088,,,,,
927,03/20/24 05:00:00 AM,2.088,,,,,
928,03/20/24 06:00:00 AM,2.195,,,,,
929,03/20/24 07:00:00 AM,1.980,,,,,
930,03/20/24 08:00:00 AM,3.683,,,,,
931,03/20/24 09:00:00 AM,10.944,,,,,
932,03/20/24 10:00:00 AM,10.651,,,,,
933,03/20/24 11:00:00 AM,18.236,,,,,
934,03/20/24 12:00:00 PM,13.269,,,,,
935,03/20/24 01:00:00 PM,14.325,,,,,
936,03/20/24 02:00:00 PM,20.329,,,,,
937,03/20/24 03:00:00 PM,16.332,,,,,
938,03/20/24 04:00:00 PM,16.523,,,,,
939,03/20/24 05:00:00 PM,16.618,,,,,
940,03/20/24 06:00:00 PM,13.558,,,,,
941,03/20/24 07:00:00 PM,10.651,,,,,
942,03/20/24 08:00:00 PM,8.082,,,,,
943,03/20/24 09:00:00 PM,6.775,,,,,
944,03/20/24 10:00:00 PM,6.370,,,,,
945,03/20/24 11:00:00 PM,6.166,,,,,
946,03/21/24 12:00:00 AM,5.244,,,,,
947,03/21/24 01:00:00 AM,5.860,,,,,
948,03/21/24 02:00:00 AM,3.155,,,,,
949,03/21/24 03:00:00 AM,3.155,,,,,
950,03/21/24 04:00:00 AM,2.410,,,,,
951,03/21/24 05:00:00 AM,1.439,,,,,
952,03/21/24 06:00:00 AM,1.980,,,,,
953,03/21/24 07:00:00 AM,1.439,,,,,
954,03/21/24 08:00:00 AM,2.943,,,,,
955,03/21/24 09:00:00 AM,12.013,,,,,
956,03/21/24 10:00:00 AM,11.722,,,,,
957,03/21/24 11:00:00 AM,18.901,,,,,
958,03/21/24 12:00:00 PM,15.951,,,,,
959,03/21/24 01:00:00 PM,15.951,,,,,
960,03/21/24 02:00:00 PM,20.901,,,,,
961,03/21/24 03:00:00 PM,20.615,,,,,
962,03/21/24 04:00:00 PM,17.570,,,,,
963,03/21/24 05:00:00 PM,17.094,,,,,
964,03/21/24 06:00:00 PM,13.846,,,,,
965,03/21/24 07:00:00 PM,10.063,,,,,
966,03/21/24 08:00:00 PM,8.779,,,,,
967,03/21/24 09:00:00 PM,7.079,,,,,
968,03/21/24 10:00:00 PM,6.064,,,,,
969,03/21/24 11:00:00 PM,4.831,,,,,
970,03/22/24 12:00:00 AM,4.934,,,,,
971,03/22/24 01:00:00 AM,4.102,,,,,
972,03/22/24 02:00:00 AM,4.623,,,,,
973,03/22/24 03:00:00 AM,4.311,,,,,
974,03/22/24 04:00:00 AM,2.730,,,,,
975,03/22/24 05:00:00 AM,2.837,,,,,
976,03/22/24 06:00:00 AM,1.330,,,,,
977,03/22/24 07:00:00 AM,1.439,,,,,
978,03/22/24 08:00:00 AM,4.207,,,,,
979,03/22/24 09:00:00 AM,11.041,,,,,
980,03/22/24 10:00:00 AM,11.139,,,,,
981,03/22/24 11:00:00 AM,16.046,,,,,
982,03/22/24 12:00:00 PM,14.134,,,,,
983,03/22/24 01:00:00 PM,14.996,,,,,
984,03/22/24 02:00:00 PM,18.331,,,,,
985,03/22/24 03:00:00 PM,18.806,,,,,
986,03/22/24 04:00:00 PM,16.808,,,,,
987,03/22/24 05:00:00 PM,15.187,,,,,
988,03/22/24 06:00:00 PM,13.750,,,,,
989,03/22/24 07:00:00 PM,11.334,,,,,
990,03/22/24 08:00:00 PM,8.082,,,,,
991,03/22/24 09:00:00 PM,7.381,,,,,
992,03/22/24 10:00:00 PM,8.282,,,,,
993,03/22/24 11:00:00 PM,7.179,,,,,
994,03/23/24 12:00:00 AM,7.582,,,,,
995,03/23/24 01:00:00 AM,6.775,,,,,
996,03/23/24 02:00:00 AM,8.978,,,,,
997,03/23/24 03:00:00 AM,7.782,,,,,
998,03/23/24 04:00:00 AM,5.655,,,,,
999,03/23/24 05:00:00 AM,6.573,,,,,
1000,03/23/24 06:00:00 AM,4.311,,,,,
1001,03/23/24 07:00:00 AM,4.727,,,,,
1002,03/23/24 08:00:00 AM,6.978,,,,,
1003,03/23/24 09:00:00 AM,10.846,,,,,
1004,03/23/24 10:00:00 AM,11.625,,,,,
1005,03/23/24 11:00:00 AM,12.401,,,,,
1006,03/23/24 12:00:00 PM,14.709,,,,,
1007,03/23/24 01:00:00 PM,14.996,,,,,
1008,03/23/24 02:00:00 PM,12.980,,,,,
1009,03/23/24 03:00:00 PM,18.521,,,,,
1010,03/23/24 04:00:00 PM,13.654,,,,,
1011,03/23/24 05:00:00 PM,12.497,,,,,
1012,03/23/24 06:00:00 PM,10.455,,,,,
1013,03/23/24 07:00:00 PM,9.472,,,,,
1014,03/23/24 08:00:00 PM,8.581,,,,,
1015,03/23/24 09:00:00 PM,6.877,,,,,
1016,03/23/24 10:00:00 PM,7.582,,,,,
1017,03/23/24 11:00:00 PM,6.471,,,,,
1018,03/24/24 12:00:00 AM,5.552,,,,,
1019,03/24/24 01:00:00 AM,7.280,,,,,
1020,03/24/24 02:00:00 AM,5.347,,,,,
1021,03/24/24 03:00:00 AM,4.623,,,,,
1022,03/24/24 04:00:00 AM,4.207,,,,,
1023,03/24/24 05:00:00 AM,3.261,,,,,
1024,03/24/24 06:00:00 AM,2.410,,,,,
1025,03/24/24 07:00:00 AM,2.195,,,,,
1026,03/24/24 08:00:00 AM,2.088,,,,,
1027,03/24/24 09:00:00 AM,3.155,,,,,
1028,03/24/24 10:00:00 AM,4.311,,,,,
1029,03/24/24 11:00:00 AM,5.037,,,,,
1030,03/24/24 12:00:00 PM,4.415,,,,,
1031,03/24/24 01:00:00 PM,4.311,,,,,
1032,03/24/24 02:00:00 PM,3.788,,,,,
1033,03/24/24 03:00:00 PM,0.674,,,,,
1034,03/24/24 04:00:00 PM,0.784,,,,,
1035,03/24/24 05:00:00 PM,1.112,,,,,
1036,03/24/24 06:00:00 PM,0.784,,,,,
1037,03/24/24 07:00:00 PM,0.121,,,,,
1038,03/24/24 08:00:00 PM,0.121,,,,,
1039,03/24/24 09:00:00 PM,-0.102,,,,,
1040,03/24/24 10:00:00 PM,-0.325,,,,,
1041,03/24/24 11:00:00 PM,-0.325,,,,,
1042,03/25/24 12:00:00 AM,-0.325,,,,,
1043,03/25/24 01:00:00 AM,0.010,,,,,
1044,03/25/24 02:00:00 AM,-0.774,,,,,
1045,03/25/24 03:00:00 AM,-0.887,,,,,
1046,03/25/24 04:00:00 AM,-1.341,,,,,
1047,03/25/24 05:00:00 AM,-1.456,,,,,
1048,03/25/24 06:00:00 AM,-2.494,,,,,
1049,03/25/24 07:00:00 AM,-2.962,,,,,
1050,03/25/24 08:00:00 AM,-2.377,,,,,
1051,03/25/24 09:00:00 AM,1.003,,,,,
1052,03/25/24 10:00:00 AM,1.221,,,,,
1053,03/25/24 11:00:00 AM,5.450,,,,,
1054,03/25/24 12:00:00 PM,3.261,,,,,
1055,03/25/24 01:00:00 PM,4.623,,,,,
1056,03/25/24 02:00:00 PM,4.207,,,,,
1057,03/25/24 03:00:00 PM,5.450,,,,,
1058,03/25/24 04:00:00 PM,3.578,,,,,
1059,03/25/24 05:00:00 PM,4.519,,,,,
1060,03/25/24 06:00:00 PM,3.472,,,,,
1061,03/25/24 07:00:00 PM,1.872,,,,,
1062,03/25/24 08:00:00 PM,-1.001,,,,,
1063,03/25/24 09:00:00 PM,-2.030,,,,,
1064,03/25/24 10:00:00 PM,-2.377,,,,,
1065,03/25/24 11:00:00 PM,-2.030,,,,,
1066,03/26/24 12:00:00 AM,-0.325,,,,,
1067,03/26/24 01:00:00 AM,-0.437,,,,,
1068,03/26/24 02:00:00 AM,-1.114,,,,,
1069,03/26/24 03:00:00 AM,-1.456,,,,,
1070,03/26/24 04:00:00 AM,-1.456,,,,,
1071,03/26/24 05:00:00 AM,-2.145,,,,,
1072,03/26/24 06:00:00 AM,-3.197,,,,,
1073,03/26/24 07:00:00 AM,-3.079,,,,,
1074,03/26/24 08:00:00 AM,-1.570,,,,,
1075,03/26/24 09:00:00 AM,1.872,,,,,
1076,03/26/24 10:00:00 AM,4.311,,,,,
1077,03/26/24 11:00:00 AM,3.155,,,,,
1078,03/26/24 12:00:00 PM,1.221,,,,,
1079,03/26/24 01:00:00 PM,4.415,,,,,
1080,03/26/24 02:00:00 PM,5.244,,,,,
1081,03/26/24 03:00:00 PM,5.141,,,,,
1082,03/26/24 04:00:00 PM,0.343,,,,,
1083,03/26/24 05:00:00 PM,1.330,,,,,
1084,03/26/24 06:00:00 PM,3.049,,,,,
1085,03/26/24 07:00:00 PM,2.410,,,,,
1086,03/26/24 08:00:00 PM,-0.102,,,,,
1087,03/26/24 09:00:00 PM,-0.774,,,,,
1088,03/26/24 10:00:00 PM,-0.325,,,,,
1089,03/26/24 11:00:00 PM,-0.325,,,,,
1090,03/27/24 12:00:00 AM,-0.774,,,,,
1091,03/27/24 01:00:00 AM,-1.914,,,,,
1092,03/27/24 02:00:00 AM,-2.145,,,,,
1093,03/27/24 03:00:00 AM,-2.962,,,,,
1094,03/27/24 04:00:00 AM,-2.962,,,,,
1095,03/27/24 05:00:00 AM,-3.553,,,,,
1096,03/27/24 06:00:00 AM,-2.962,,,,,
1097,03/27/24 07:00:00 AM,-3.792,,,,,
1098,03/27/24 08:00:00 AM,-0.213,,,,,
1099,03/27/24 09:00:00 AM,4.934,,,,,
1100,03/27/24 10:00:00 AM,4.102,,,,,
1101,03/27/24 11:00:00 AM,9.768,,,,,
1102,03/27/24 12:00:00 PM,6.471,,,,,
1103,03/27/24 01:00:00 PM,5.450,,,,,
1104,03/27/24 02:00:00 PM,8.581,,,,,
1105,03/27/24 03:00:00 PM,14.900,,,,,
1106,03/27/24 04:00:00 PM,10.161,,,,,
1107,03/27/24 05:00:00 PM,8.182,,,,,
1108,03/27/24 06:00:00 PM,7.280,,,,,
1109,03/27/24 07:00:00 PM,5.141,,,,,
1110,03/27/24 08:00:00 PM,2.624,,,,,
1111,03/27/24 09:00:00 PM,0.784,,,,,
1112,03/27/24 10:00:00 PM,0.343,,,,,
1113,03/27/24 11:00:00 PM,-1.228,,,,,
1114,03/28/24 12:00:00 AM,-0.437,,,,,
1115,03/28/24 01:00:00 AM,0.232,,,,,
1116,03/28/24 02:00:00 AM,2.410,,,,,
1117,03/28/24 03:00:00 AM,0.343,,,,,
1118,03/28/24 04:00:00 AM,3.788,,,,,
1119,03/28/24 05:00:00 AM,1.764,,,,,
1120,03/28/24 06:00:00 AM,0.343,,,,,
1121,03/28/24 07:00:00 AM,3.788,,,,,
1122,03/28/24 08:00:00 AM,4.207,,,,,
1123,03/28/24 09:00:00 AM,9.373,,,,,
1124,03/28/24 10:00:00 AM,10.063,,,,,
1125,03/28/24 11:00:00 AM,11.916,,,,,
1126,03/28/24 12:00:00 PM,13.173,,,,,
1127,03/28/24 01:00:00 PM,13.654,,,,,
1128,03/28/24 02:00:00 PM,14.613,,,,,
1129,03/28/24 03:00:00 PM,18.331,,,,,
1130,03/28/24 04:00:00 PM,15.187,,,,,
1131,03/28/24 05:00:00 PM,12.787,,,,,
1132,03/28/24 06:00:00 PM,12.980,,,,,
1133,03/28/24 07:00:00 PM,11.139,,,,,
1134,03/28/24 08:00:00 PM,9.176,,,,,
1135,03/28/24 09:00:00 PM,7.582,,,,,
1136,03/28/24 10:00:00 PM,9.669,,,,,
1137,03/28/24 11:00:00 PM,8.282,,,,,
1138,03/29/24 12:00:00 AM,6.978,,,,,
1139,03/29/24 01:00:00 AM,6.775,,,,,
1140,03/29/24 02:00:00 AM,6.268,,,,,
1141,03/29/24 03:00:00 AM,6.268,,,,,
1142,03/29/24 04:00:00 AM,5.244,,,,,
1143,03/29/24 05:00:00 AM,4.934,,,,,
1144,03/29/24 06:00:00 AM,3.049,,,,,
1145,03/29/24 07:00:00 AM,2.624,,,,,
1146,03/29/24 08:00:00 AM,3.155,,,,,
1147,03/29/24 09:00:00 AM,5.037,,,,,
1148,03/29/24 10:00:00 AM,6.166,,,,,
1149,03/29/24 11:00:00 AM,5.141,,,,,
1150,03/29/24 12:00:00 PM,5.244,,,,,
1151,03/29/24 01:00:00 PM,4.623,,,,,
1152,03/29/24 02:00:00 PM,4.207,,,,,
1153,03/29/24 03:00:00 PM,6.573,,,,,
1154,03/29/24 04:00:00 PM,5.860,,,,,
1155,03/29/24 05:00:00 PM,5.860,,,,,
1156,03/29/24 06:00:00 PM,6.370,,,,,
1157,03/29/24 07:00:00 PM,5.552,,,,,
1158,03/29/24 08:00:00 PM,4.102,,,,,
1159,03/29/24 09:00:00 PM,3.472,,,,,
1160,03/29/24 10:00:00 PM,4.207,,,,,
1161,03/29/24 11:00:00 PM,4.311,,,,,
1162,03/30/24 12:00:00 AM,3.788,,,,,
1163,03/30/24 01:00:00 AM,4.934,,,,,
1164,03/30/24 02:00:00 AM,7.983,,,,,
1165,03/30/24 03:00:00 AM,7.983,,,,,
1166,03/30/24 04:00:00 AM,7.983,,,,,
1167,03/30/24 05:00:00 AM,7.782,,,,,
1168,03/30/24 06:00:00 AM,7.481,,,,,
1169,03/30/24 07:00:00 AM,7.782,,,,,
1170,03/30/24 08:00:00 AM,8.082,,,,,
1171,03/30/24 09:00:00 AM,8.879,,,,,
1172,03/30/24 10:00:00 AM,9.965,,,,,
1173,03/30/24 11:00:00 AM,11.431,,,,,
1174,03/30/24 12:00:00 PM,14.709,,,,,
1175,03/30/24 01:00:00 PM,14.709,,,,,
1176,03/30/24 02:00:00 PM,16.427,,,,,
1177,03/30/24 03:00:00 PM,16.618,,,,,
1178,03/30/24 04:00:00 PM,14.230,,,,,
1179,03/30/24 05:00:00 PM,13.846,,,,,
1180,03/30/24 06:00:00 PM,13.750,,,,,
1181,03/30/24 07:00:00 PM,11.334,,,,,
1182,03/30/24 08:00:00 PM,9.275,,,,,
1183,03/30/24 09:00:00 PM,12.110,,,,,
1184,03/30/24 10:00:00 PM,11.139,,,,,
1185,03/30/24 11:00:00 PM,9.472,,,,,
1186,03/31/24 12:00:00 AM,11.431,,,,,
1187,03/31/24 01:00:00 AM,11.431,,,,,
1188,03/31/24 02:00:00 AM,10.846,,,,,
1189,03/31/24 03:00:00 AM,10.259,,,,,
1190,03/31/24 04:00:00 AM,9.472,,,,,
1191,03/31/24 05:00:00 AM,8.680,,,,,
1192,03/31/24 06:00:00 AM,7.882,,,,,
1193,03/31/24 07:00:00 AM,7.682,,,,,
1194,03/31/24 08:00:00 AM,9.571,,,,,
1195,03/31/24 09:00:00 AM,5.962,,,,,
1196,03/31/24 10:00:00 AM,9.176,,,,,
1197,03/31/24 11:00:00 AM,11.528,,,,,
1198,03/31/24 12:00:00 PM,10.357,,,,,
1199,03/31/24 01:00:00 PM,11.236,,,,,
1200,03/31/24 02:00:00 PM,6.877,,,,,
1201,03/31/24 03:00:00 PM,6.268,,,,,
1202,03/31/24 04:00:00 PM,8.082,,,,,
1203,03/31/24 05:00:00 PM,7.682,,,,,
1204,03/31/24 06:00:00 PM,7.179,,,,,
1205,03/31/24 07:00:00 PM,6.064,,,,,
1206,03/31/24 08:00:00 PM,4.311,,,,,
1207,03/31/24 09:00:00 PM,4.311,,,,,
1208,03/31/24 10:00:00 PM,3.788,,,,,
1209,03/31/24 11:00:00 PM,1.872,,,,,
1210,04/01/24 12:00:00 AM,-0.549,,,,,
1211,04/01/24 01:00:00 AM,1.330,,,,,
1212,04/01/24 02:00:00 AM,-0.887,,,,,
1213,04/01/24 03:00:00 AM,-1.799,,,,,
1214,04/01/24 04:00:00 AM,-0.437,,,,,
1215,04/01/24 05:00:00 AM,-0.437,,,,,
1216,04/01/24 06:00:00 AM,-2.145,,,,,
1217,04/01/24 07:00:00 AM,-2.030,,,,,
1218,04/01/24 08:00:00 AM,-0.549,,,,,
1219,04/01/24 09:00:00 AM,5.552,,,,,
1220,04/01/24 10:00:00 AM,6.877,,,,,
1221,04/01/24 11:00:00 AM,9.866,,,,,
1222,04/01/24 12:00:00 PM,6.370,,,,,
1223,04/01/24 01:00:00 PM,10.161,,,,,
1224,04/01/24 02:00:00 PM,8.879,,,,,
1225,04/01/24 03:00:00 PM,10.357,,,,,
1226,04/01/24 04:00:00 PM,7.381,,,,,
1227,04/01/24 05:00:00 PM,8.680,,,,,
1228,04/01/24 06:00:00 PM,6.775,,,,,
1229,04/01/24 07:00:00 PM,6.877,,,,,
1230,04/01/24 08:00:00 PM,4.102,,,,,
1231,04/01/24 09:00:00 PM,3.261,,,,,
1232,04/01/24 10:00:00 PM,3.788,,,,,
1233,04/01/24 11:00:00 PM,3.683,,,,,
1234,04/02/24 12:00:00 AM,3.683,,,,,
1235,04/02/24 01:00:00 AM,3.049,,,,,
1236,04/02/24 02:00:00 AM,2.730,,,,,
1237,04/02/24 03:00:00 AM,0.343,,,,,
1238,04/02/24 04:00:00 AM,0.453,,,,,
1239,04/02/24 05:00:00 AM,-0.213,,,,,
1240,04/02/24 06:00:00 AM,-1.228,,,,,
1241,04/02/24 07:00:00 AM,-3.079,,,,,
1242,04/02/24 08:00:00 AM,5.141,,,,,
1243,04/02/24 09:00:00 AM,6.978,,,,,
1244,04/02/24 10:00:00 AM,7.983,,,,,
1245,04/02/24 11:00:00 AM,14.709,,,,,
1246,04/02/24 12:00:00 PM,12.497,,,,,
1247,04/02/24 01:00:00 PM,12.883,,,,,
1248,04/02/24 02:00:00 PM,12.690,,,,,
1249,04/02/24 03:00:00 PM,17.855,,,,,
1250,04/02/24 04:00:00 PM,14.230,,,,,
1251,04/02/24 05:00:00 PM,13.365,,,,,
1252,04/02/24 06:00:00 PM,11.916,,,,,
1253,04/02/24 07:00:00 PM,9.275,,,,,
1254,04/02/24 08:00:00 PM,5.037,,,,,
1255,04/02/24 09:00:00 PM,5.655,,,,,
1256,04/02/24 10:00:00 PM,4.831,,,,,
1257,04/02/24 11:00:00 PM,4.727,,,,,
1258,04/03/24 12:00:00 AM,3.155,,,,,
1259,04/03/24 01:00:00 AM,2.195,,,,,
1260,04/03/24 02:00:00 AM,2.410,,,,,
1261,04/03/24 03:00:00 AM,2.303,,,,,
1262,04/03/24 04:00:00 AM,1.872,,,,,
1263,04/03/24 05:00:00 AM,2.088,,,,,
1264,04/03/24 06:00:00 AM,1.330,,,,,
1265,04/03/24 07:00:00 AM,1.112,,,,,
1266,04/03/24 08:00:00 AM,9.373,,,,,
1267,04/03/24 09:00:00 AM,10.846,,,,,
1268,04/03/24 10:00:00 AM,12.110,,,,,
1269,04/03/24 11:00:00 AM,17.189,,,,,
1270,04/03/24 12:00:00 PM,16.046,,,,,
1271,04/03/24 01:00:00 PM,15.951,,,,,
1272,04/03/24 02:00:00 PM,17.189,,,,,
1273,04/03/24 03:00:00 PM,21.569,,,,,
1274,04/03/24 04:00:00 PM,18.140,,,,,
1275,04/03/24 05:00:00 PM,17.189,,,,,
1276,04/03/24 06:00:00 PM,15.187,,,,,
1277,04/03/24 07:00:00 PM,11.819,,,,,
1278,04/03/24 08:00:00 PM,7.280,,,,,
1279,04/03/24 09:00:00 PM,7.882,,,,,
1280,04/03/24 10:00:00 PM,6.978,,,,,
1281,04/03/24 11:00:00 PM,6.877,,,,,
1282,04/04/24 12:00:00 AM,7.179,,,,,
1283,04/04/24 01:00:00 AM,6.877,,,,,
1284,04/04/24 02:00:00 AM,4.934,,,,,
1285,04/04/24 03:00:00 AM,4.831,,,,,
1286,04/04/24 04:00:00 AM,4.311,,,,,
1287,04/04/24 05:00:00 AM,5.655,,,,,
1288,04/04/24 06:00:00 AM,5.757,,,,,
1289,04/04/24 07:00:00 AM,8.481,,,,,
1290,04/04/24 08:00:00 AM,13.942,,,,,
1291,04/04/24 09:00:00 AM,14.996,,,,,
1292,04/04/24 10:00:00 AM,16.523,,,,,
1293,04/04/24 11:00:00 AM,23.388,,,,,
1294,04/04/24 12:00:00 PM,22.621,,,,,
1295,04/04/24 01:00:00 PM,19.662,,,,,
1296,04/04/24 02:00:00 PM,19.567,,,,,
1297,04/04/24 03:00:00 PM,25.902,,,,,
1298,04/04/24 04:00:00 PM,20.043,,,,,
1299,04/04/24 05:00:00 PM,19.282,,,,,
1300,04/04/24 06:00:00 PM,19.187,,,,,
1301,04/04/24 07:00:00 PM,17.284,,,,,
1302,04/04/24 08:00:00 PM,15.473,,,,,
1303,04/04/24 09:00:00 PM,11.625,,,,,
1304,04/04/24 10:00:00 PM,11.916,,,,,
1305,04/04/24 11:00:00 PM,10.259,,,,,
1306,04/05/24 12:00:00 AM,10.063,,,,,
1307,04/05/24 01:00:00 AM,10.651,,,,,
1308,04/05/24 02:00:00 AM,11.916,,,,,
1309,04/05/24 03:00:00 AM,10.259,,,,,
1310,04/05/24 04:00:00 AM,8.382,,,,,
1311,04/05/24 05:00:00 AM,4.934,,,,,
1312,04/05/24 06:00:00 AM,6.166,,,,,
1313,04/05/24 07:00:00 AM,5.244,,,,,
1314,04/05/24 08:00:00 AM,13.173,,,,,
1315,04/05/24 09:00:00 AM,14.804,,,,,
1316,04/05/24 10:00:00 AM,15.091,,,,,
1317,04/05/24 11:00:00 AM,17.665,,,,,
1318,04/05/24 12:00:00 PM,18.045,,,,,
1319,04/05/24 01:00:00 PM,16.808,,,,,
1320,04/05/24 02:00:00 PM,17.665,,,,,
1321,04/05/24 03:00:00 PM,15.282,,,,,
1322,04/05/24 04:00:00 PM,17.284,,,,,
1323,04/05/24 05:00:00 PM,15.378,,,,,
1324,04/05/24 06:00:00 PM,15.378,,,,,
1325,04/05/24 07:00:00 PM,9.571,,,,,
1326,04/05/24 08:00:00 PM,7.582,,,,,
1327,04/05/24 09:00:00 PM,6.471,,,,,
1328,04/05/24 10:00:00 PM,5.347,,,,,
1329,04/05/24 11:00:00 PM,2.088,,,,,
1330,04/06/24 12:00:00 AM,1.439,,,,,
1331,04/06/24 01:00:00 AM,1.330,,,,,
1332,04/06/24 02:00:00 AM,-1.570,,,,,
1333,04/06/24 03:00:00 AM,-1.570,,,,,
1334,04/06/24 04:00:00 AM,-1.341,,,,,
1335,04/06/24 05:00:00 AM,-2.030,,,,,
1336,04/06/24 06:00:00 AM,-3.316,,,,,
1337,04/06/24 07:00:00 AM,-3.434,,,,,
1338,04/06/24 08:00:00 AM,1.656,,,,,
1339,04/06/24 09:00:00 AM,3.261,,,,,
1340,04/06/24 10:00:00 AM,4.311,,,,,
1341,04/06/24 11:00:00 AM,9.373,,,,,
1342,04/06/24 12:00:00 PM,7.782,,,,,
1343,04/06/24 01:00:00 PM,1.330,,,,,
1344,04/06/24 02:00:00 PM,7.983,,,,,
1345,04/06/24 03:00:00 PM,3.049,,,,,
1346,04/06/24 04:00:00 PM,4.519,,,,,
1347,04/06/24 05:00:00 PM,5.962,,,,,
1348,04/06/24 06:00:00 PM,5.552,,,,,
1349,04/06/24 07:00:00 PM,3.472,,,,,
1350,04/06/24 08:00:00 PM,1.872,,,,,
1351,04/06/24 09:00:00 PM,0.893,,,,,
1352,04/06/24 10:00:00 PM,-0.102,,,,,
1353,04/06/24 11:00:00 PM,-0.662,,,,,
1354,04/07/24 12:00:00 AM,-1.341,,,,,
1355,04/07/24 01:00:00 AM,-2.030,,,,,
1356,04/07/24 02:00:00 AM,-2.261,,,,,
1357,04/07/24 03:00:00 AM,-3.079,,,,,
1358,04/07/24 04:00:00 AM,-3.197,,,,,
1359,04/07/24 05:00:00 AM,-3.434,,,,,
1360,04/07/24 06:00:00 AM,-3.553,,,,,
1361,04/07/24 07:00:00 AM,-4.393,,,,,
1362,04/07/24 08:00:00 AM,0.453,,,,,
1363,04/07/24 09:00:00 AM,2.837,,,,,
1364,04/07/24 10:00:00 AM,3.998,,,,,
1365,04/07/24 11:00:00 AM,7.882,,,,,
1366,04/07/24 12:00:00 PM,8.182,,,,,
1367,04/07/24 01:00:00 PM,8.978,,,,,
1368,04/07/24 02:00:00 PM,7.582,,,,,
1369,04/07/24 03:00:00 PM,9.176,,,,,
1370,04/07/24 04:00:00 PM,11.041,,,,,
1371,04/07/24 05:00:00 PM,9.965,,,,,
1372,04/07/24 06:00:00 PM,7.882,,,,,
1373,04/07/24 07:00:00 PM,5.860,,,,,
1374,04/07/24 08:00:00 PM,4.207,,,,,
1375,04/07/24 09:00:00 PM,2.303,,,,,
1376,04/07/24 10:00:00 PM,1.439,,,,,
1377,04/07/24 11:00:00 PM,1.764,,,,,
1378,04/08/24 12:00:00 AM,1.439,,,,,
1379,04/08/24 01:00:00 AM,-1.114,,,,,
1380,04/08/24 02:00:00 AM,-0.549,,,,,
1381,04/08/24 03:00:00 AM,-0.549,,,,,
1382,04/08/24 04:00:00 AM,-1.456,,,,,
1383,04/08/24 05:00:00 AM,-2.377,,,,,
1384,04/08/24 06:00:00 AM,-3.316,,,,,
1385,04/08/24 07:00:00 AM,-3.079,,,,,
1386,04/08/24 08:00:00 AM,3.893,,,,,
1387,04/08/24 09:00:00 AM,5.450,,,,,
1388,04/08/24 10:00:00 AM,6.370,,,,,
1389,04/08/24 11:00:00 AM,14.230,,,,,
1390,04/08/24 12:00:00 PM,9.768,,,,,
1391,04/08/24 01:00:00 PM,7.280,,,,,
1392,04/08/24 02:00:00 PM,11.139,,,,,
1393,04/08/24 03:00:00 PM,15.282,,,,,
1394,04/08/24 04:00:00 PM,11.334,,,,,
1395,04/08/24 05:00:00 PM,11.528,,,,,
1396,04/08/24 06:00:00 PM,9.275,,,,,
1397,04/08/24 07:00:00 PM,6.978,,,,,
1398,04/08/24 08:00:00 PM,4.934,,,,,
1399,04/08/24 09:00:00 PM,1.330,,,,,
1400,04/08/24 10:00:00 PM,2.195,,,,,
1401,04/08/24 11:00:00 PM,1.980,,,,,
1402,04/09/24 12:00:00 AM,0.453,,,,,
1403,04/09/24 01:00:00 AM,-1.001,,,,,
1404,04/09/24 02:00:00 AM,-1.114,,,,,
1405,04/09/24 03:00:00 AM,-1.456,,,,,
1406,04/09/24 04:00:00 AM,-1.228,,,,,
1407,04/09/24 05:00:00 AM,-1.228,,,,,
1408,04/09/24 06:00:00 AM,-1.799,,,,,
1409,04/09/24 07:00:00 AM,-1.570,,,,,
1410,04/09/24 08:00:00 AM,5.347,,,,,
1411,04/09/24 09:00:00 AM,7.682,,,,,
1412,04/09/24 10:00:00 AM,9.472,,,,,
1413,04/09/24 11:00:00 AM,16.332,,,,,
1414,04/09/24 12:00:00 PM,14.038,,,,,
1415,04/09/24 01:00:00 PM,13.654,,,,,
1416,04/09/24 02:00:00 PM,14.038,,,,,
1417,04/09/24 03:00:00 PM,18.236,,,,,
1418,04/09/24 04:00:00 PM,13.942,,,,,
1419,04/09/24 05:00:00 PM,15.091,,,,,
1420,04/09/24 06:00:00 PM,12.401,,,,,
1421,04/09/24 07:00:00 PM,9.965,,,,,
1422,04/09/24 08:00:00 PM,7.079,,,,,
1423,04/09/24 09:00:00 PM,6.370,,,,,
1424,04/09/24 10:00:00 PM,5.450,,,,,
1425,04/09/24 11:00:00 PM,4.519,,,,,
1426,04/10/24 12:00:00 AM,3.788,,,,,
1427,04/10/24 01:00:00 AM,3.998,,,,,
1428,04/10/24 02:00:00 AM,3.998,,,,,
1429,04/10/24 03:00:00 AM,3.367,,,,,
1430,04/10/24 04:00:00 AM,3.155,,,,,
1431,04/10/24 05:00:00 AM,2.088,,,,,
1432,04/10/24 06:00:00 AM,0.232,,,,,
1433,04/10/24 07:00:00 AM,0.674,,,,,
1434,04/10/24 08:00:00 AM,7.882,,,,,
1435,04/10/24 09:00:00 AM,10.846,,,,,
1436,04/10/24 10:00:00 AM,12.013,,,,,
1437,04/10/24 11:00:00 AM,19.187,,,,,
1438,04/10/24 12:00:00 PM,16.808,,,,,
1439,04/10/24 01:00:00 PM,15.664,,,,,
1440,04/10/24 02:00:00 PM,16.046,,,,,
1441,04/10/24 03:00:00 PM,19.187,,,,,
1442,04/10/24 04:00:00 PM,15.951,,,,,
1443,04/10/24 05:00:00 PM,16.999,,,,,
1444,04/10/24 06:00:00 PM,13.942,,,,,
1445,04/10/24 07:00:00 PM,11.625,,,,,
1446,04/10/24 08:00:00 PM,6.573,,,,,
1447,04/10/24 09:00:00 PM,6.166,,,,,
1448,04/10/24 10:00:00 PM,5.757,,,,,
1449,04/10/24 11:00:00 PM,5.757,,,,,
1450,04/11/24 12:00:00 AM,4.934,,,,,
1451,04/11/24 01:00:00 AM,4.415,,,,,
1452,04/11/24 02:00:00 AM,3.578,,,,,
1453,04/11/24 03:00:00 AM,1.980,,,,,
1454,04/11/24 04:00:00 AM,2.303,,,,,
1455,04/11/24 05:00:00 AM,2.195,,,,,
1456,04/11/24 06:00:00 AM,1.764,,,,,
1457,04/11/24 07:00:00 AM,2.517,,,,,
1458,04/11/24 08:00:00 AM,10.553,,,,,
1459,04/11/24 09:00:00 AM,11.819,,,,,
1460,04/11/24 10:00:00 AM,12.594,,,,,
1461,04/11/24 11:00:00 AM,18.806,,,,,
1462,04/11/24 12:00:00 PM,19.282,,,,,
1463,04/11/24 01:00:00 PM,17.760,,,,,
1464,04/11/24 02:00:00 PM,19.662,,,,,
1465,04/11/24 03:00:00 PM,21.473,,,,,
1466,04/11/24 04:00:00 PM,18.806,,,,,
1467,04/11/24 05:00:00 PM,18.331,,,,,
1468,04/11/24 06:00:00 PM,16.237,,,,,
1469,04/11/24 07:00:00 PM,12.980,,,,,
1470,04/11/24 08:00:00 PM,8.879,,,,,
1471,04/11/24 09:00:00 PM,8.282,,,,,
1472,04/11/24 10:00:00 PM,7.079,,,,,
1473,04/11/24 11:00:00 PM,6.877,,,,,
1474,04/12/24 12:00:00 AM,6.268,,,,,
1475,04/12/24 01:00:00 AM,6.166,,,,,
1476,04/12/24 02:00:00 AM,6.166,,,,,
1477,04/12/24 03:00:00 AM,6.064,,,,,
1478,04/12/24 04:00:00 AM,6.064,,,,,
1479,04/12/24 05:00:00 AM,6.674,,,,,
1480,04/12/24 06:00:00 AM,3.261,,,,,
1481,04/12/24 07:00:00 AM,4.934,,,,,
1482,04/12/24 08:00:00 AM,14.038,,,,,
1483,04/12/24 09:00:00 AM,15.473,,,,,
1484,04/12/24 10:00:00 AM,14.134,,,,,
1485,04/12/24 11:00:00 AM,24.545,,,,,
1486,04/12/24 12:00:00 PM,23.966,,,,,
1487,04/12/24 01:00:00 PM,22.621,,,,,
1488,04/12/24 02:00:00 PM,24.835,,,,,
1489,04/12/24 03:00:00 PM,25.902,,,,,
1490,04/12/24 04:00:00 PM,23.484,,,,,
1491,04/12/24 05:00:00 PM,22.621,,,,,
1492,04/12/24 06:00:00 PM,21.091,,,,,
1493,04/12/24 07:00:00 PM,18.331,,,,,
1494,04/12/24 08:00:00 PM,16.237,,,,,
1495,04/12/24 09:00:00 PM,12.883,,,,,
1496,04/12/24 10:00:00 PM,14.325,,,,,
1497,04/12/24 11:00:00 PM,15.187,,,,,
1498,04/13/24 12:00:00 AM,15.760,,,,,
1499,04/13/24 01:00:00 AM,14.517,,,,,
1500,04/13/24 02:00:00 AM,12.883,,,,,
1501,04/13/24 03:00:00 AM,11.528,,,,,
1502,04/13/24 04:00:00 AM,10.651,,,,,
1503,04/13/24 05:00:00 AM,9.965,,,,,
1504,04/13/24 06:00:00 AM,9.669,,,,,
1505,04/13/24 07:00:00 AM,9.768,,,,,
1506,04/13/24 08:00:00 AM,14.325,,,,,
1507,04/13/24 09:00:00 AM,19.187,,,,,